commenter_name,comment_text
pesho_367,Vpn zindabadğŸ˜
bilawalali114,wifi wala kha ha ğŸ˜‚ğŸ˜‚
vanish.siyani17,i love Hazrat Muhammad s.w
umarkhanloversa,bilkul b nhi chal Raha hai na what's app business or na he Facebook
guriyarani1805,Absolutely true bilkul b nai chal ra whatsap
tayyabjani582,vpn ues krlo ğŸ˜…ma to kr rah hun Sahi chl rah mara Whatsapp
zoya.malik5443,asa e hy
alii_321,Ø³ÛŒØ§Ø³Øª Ú©Ø§ Ø³Ù„Ø·Ø§Ù† Ø¹Ù…Ù€Ù€Ù€Ù€Ù€Ù€Ù€Ù€Ø±Ø§Ù† Ø®Ø§Ù†âœŒï¸â¤
maaaaaahi2,Mera TU vpn se hogya
rabi8883s,Me smji sirf mere ho rha aese
user4055544823666,muj b bta dy kasy karty hai use VPNğŸ¤”
shoaibhans,Voice send nahe ho rahe
mirsabih,"vpn on kr k sab kuch send ho jata ha , govt NY band kia h"
talha_____edits,Allah ka nam ha sai kr do ğŸ˜‚ğŸ˜‚
hamzarajpoot32663,"bhai ye kya masla hai
or kaise hal ho gaa"
ishalfatima42,nhi chal rha
user949170443,VPN download karo
princessgirl2559,net ni aa rhağŸ˜©
sir.phireee.larki,ptaa nee kb koo tek o gaa yee ab ğŸ™‚ğŸ™‚
pindi.queen92,ğŸ’¯Yes
